,,DJF,DJF,JJA,JJA
,,statistic,pvalue,statistic,pvalue
lat,lon,,,,
-33.08393,299.25,0.41515837104072395,1.7034736092866988e-06,0.3235444330949948,0.00012908640996551015
-33.08393,300.375,0.34615384615384615,2.1465081193106687e-05,0.2345141700404858,0.006873509059990165
-31.96244,299.25,0.24837049742710118,0.010386052945122149,0.256437265917603,0.0035999521863570427
-31.96244,300.375,0.26848460181793515,0.00033352829848118593,0.10039370078740156,0.5892224848027634
